name,Full_Name,Latitude,Longitude,Region,Description,Icon
ACTI,Active Reef (Active Sound),-63.400000,-55.866000,,,166
ACU2,East of Acuna Island,-60.768248,-44.622160,,,166
ACUN,Acuna Island,-60.761246,-44.636989,South Orkney Islands,,166
ADAM,Adams Island,-66.545900,92.548550,NA,,166
ADAR,Cape Adare,-71.306301,170.199941,Victoria Land,,166
AILS,Ailsa Craig,-60.780069,-44.634926,South Orkney Islands,,166
AITC,Barrientos Island,-62.407100,-59.751700,South Shetland Islands,"Previously known as Aitcho Island, but renamed to describe Barrientos Island specifically",166
AITK,Aitken Cove,-60.738000,-44.525000,South Orkney Islands,,166
AKAR,Akarui Point,-68.499906,41.390120,Queen Maud Land,,166
ALAS,Alasheyev Bight,-67.653961,46.109028,Enderby Land,,166
ALCO,Alcock Island,-64.240000,-61.127000,Central-west Antarctic Peninsula,,166
ALEX,Cape Alexandra,-54.000000,-38.000000,South Georgia,,166
ALMI,Brown Station,-64.895556,-62.870278,Central-west Antarctic Peninsula,,166
AMAN,Amanda Bay,-69.270000,76.830000,Prince Elizabeth Land,,166
AMBU,Ambush Bay,-63.184000,-55.393000,Northeast Antarctic Peninsula,,166
AMPH,Amphibolite Point,-60.683983,-45.338994,South Orkney Islands,,166
AMUN,Amundsen Bay,-66.780000,50.550000,Enderby Land,,166
ANCB,Anchorage Bay (Fortuna Bay),-54.129997,-36.826965,South Georgia,,166
ANCH,Anchorage Island,-67.604167,-68.208889,Southwest Antarctic Peninsula,,166
ANDE,Cape Anderson,-60.757000,-44.600000,South Orkney Islands,,166
ANDI,Andresen Island Site 2,-66.875000,-66.711000,Southwest Antarctic Peninsula,,166
ANDR,Andresen Island Site 1,-66.879000,-66.649000,Southwest Antarctic Peninsula,,166
ANDS,Andersen Island,-67.435280,63.357210,Mac. Robertson Land,,166
ANN1,Annenkov Island 1,-54.504291,-37.051544,South Georgia,,166
ANNE,Cape Anne,-73.617000,169.850000,Victoria Land,,166
ANVS,Anvers Island South West (7 km south of Gerlache Island),-64.660000,-64.250000,Central-west Antarctic Peninsula,,166
ARDL,Ardley Island,-62.213000,-58.933000,South Shetland Islands,,166
ARMS,Armstrong Reef,-65.891944,-66.211667,Southwest Antarctic Peninsula,"Many islands on Armstrong Reef, as well as rocky peninsulas of Lively Point of the main (Renaud) island.",166
ARTH,Arthurson Ridge,-69.363437,158.510855,Victoria Land,,166
ASPL,Aspland Island,-61.466874,-55.904149,Elephant Island,,166
ASTD,Astrid,-69.950000,8.310000,Queen Maud Land,,166
ASTR,Astrolabe Island,-63.316000,-58.683000,Northwest Antarctic Peninsula,,166
ASTU,Cape Astrup,-64.710833,-63.182778,,,166
ATER,Auster,-67.390000,63.980000,,,166
ATKA,Atka,-70.610000,-8.130000,Queen Maud Land,,166
AUST,Auster Islands,-67.390000,63.980000,Mac. Robertson Land,,166
AVIA,Avian Island,-67.773200,-68.885500,Southwest Antarctic Peninsula,,166
AVIS,Aviation Island,-69.274600,158.780000,Victoria Land,,166
BACH,Bach Quartet,-61.921000,-58.028000,South Shetland Islands,"Exact location unknown, needs confirmation.",166
BACK,Backer Islands,-74.411200,-102.551500,Marie Byrd Land,,166
BAIL,Baily Head (Deception Island),-62.965000,-60.506000,South Shetland Islands,,166
BALA,Balaena Islands,-66.015800,111.068800,Wilkes Land,,166
BALD,Bald Head,-63.630159,-57.604847,,,166
BALL,Balleny Islands,-66.917000,163.750000,Ross Dependency,,166
BARC,Barcroft Islands,-66.457500,-67.139700,Southwest Antarctic Peninsula,Set of several islands. FMP database mentions 11 census locations,166
BARN,Barnard Pt (Livingston Is),-62.767000,-60.350000,South Shetland Islands,,166
BARR,Barrier Island,-68.416300,78.324000,NA,,166
BART,Barton Peninsula,-62.224000,-58.791000,South Shetland Islands,,166
BATT,Cape Batterbee,-65.842000,53.812900,Enderby Land,,166
BAYO,Bay of Isles,-54.033333,-37.333333,South Georgia,,166
BEAG,Beagle Island,-63.413900,-54.667500,Northeast Antarctic Peninsula,,166
BEAN,Beaufort Island North,-76.928800,166.881000,Victoria Land,,166
BEAR,Bear Peninsula,-74.392200,-110.191700,Marie Byrd Land,,166
BEAU,Beaufort Island,-76.969402,166.897841,Victoria Land,,166
BEAV,Beaver Rocks,-63.679000,-59.362000,Northwest Antarctic Peninsula,,166
BELG,Bellingshausen Island,-59.406000,-27.079000,South Sandwich Islands,,166
BELI,Bell Island,-64.2782,-61.9976,,,166
BELL,Bell Point,-62.110440,-58.864746,South Shetland Islands,,166
BELS,Cape Belsham,-61.096000,-54.883000,Elephant Island,,166
BENE,Beneden Head,-64.767100,-62.701000,Central-west Antarctic Peninsula,,166
BENN,Cape Bennett,-60.62,-45.236,South Orkney Islands,,166
BENT,Benton,-69.041700,39.250000,Queen Maud Land,,166
BERK,Berkley/Cameron,-66.216300,110.640000,Wilkes Land,There are two islands referenced here. The lat/long provided is centered on one of those two islands.,166
BERN,Bernardo O'Higgins Station,-63.320900,-57.900000,Northwest Antarctic Peninsula,,166
BERT,Berthelot Islands (excl. Green Island),-65.333000,-64.112000,Central-west Antarctic Peninsula,Does not include Green Island (GREI),166
BERX,Bernard Rocks,-64.128610,-62.018610,Central-west Antarctic Peninsula,Placement based only on WAM,166
BIEN,Cape Bienvenue,-66.720300,140.525200,Wilkes Land,,166
BIRD,Bird Island,-54.006747,-38.048100,South Georgia,,166
BISC,Biscoe Point,-64.811400,-63.777500,Central-west Antarctic Peninsula,,166
BLAI,Blaiklock Island,-67.544544,-67.018709,,No breeding birds recorded; no specific notes on the location of shags spotted.,166
BLAK,Blake Island,-63.649000,-59.030300,Northwest Antarctic Peninsula,,166
BOLI,Bolingen/Lichen Island,-69.456000,75.747400,Queen Maud Land,,166
BOYE,Boyer Rocks,-63.666200,-59.044900,Northwest Antarctic Peninsula,,166
BONG,Bongrain Point (Pourquoi Pas Island),-67.723300,-67.731900,Southwest Antarctic Peninsula,,166
BOUD,Boudet Island,-65.183441,-64.152045,,,166
BOWL,Cape Bowles,-61.316000,-54.091000,Elephant Island,,166
BOWM,Bowman Island,-65.160000,103.070000,Wilkes Land,,166
BPTS,Byewater Point (South),-62.774695,-61.526269,South Shetland Islands,,166
BRAS,Brash Island,-63.386389,-54.914167,Northeast Antarctic Peninsula,,166
BRAT,Brattstrand Bluff,-69.215700,76.999500,Queen Maud Land,,166
BRDM,Cape Bird Middle,-77.230393,166.418700,Victoria Land,,166
BRDN,Cape Bird North,-77.214483,166.445890,Victoria Land,,166
BRDS,Cape Bird South,-77.259444,166.379444,Victoria Land,,166
BRIM,Brimstone Peak,-61.912407,-57.752451,South Shetland Islands,,166
BRIT,Britannias Figleaf,-61.278000,-55.226000,Elephant Island,,166
BRIW,Britannias Figleaf West,-61.278000,-55.241000,,,166
BROW,Brown Bluff,-63.522200,-56.905000,Northeast Antarctic Peninsula,,166
BRPT,Brisbane Point,-54.872000,-35.999000,South Georgia,,166
BRPW,Brimstone Peak (West),-61.918323,-57.763300,South Shetland Islands,Includes an islet offshore but exact exact location unknown. Jablonski calls this Milosz Point.,166
BRUC,Bruce Islands,-60.683000,-44.924000,South Orkney Islands,,166
BRYA,Bryan Coast,-73.250000,-85.360000,,,166
BRYC,Bryde Island Cliffs,-64.876389,-62.925833,,,166
BRYE,Bryde Island East,-64.889722,-62.927222,Central-west Antarctic Peninsula,,166
BRYS,Bryde Island South,-64.901111,-62.950833,Central-west Antarctic Peninsula,,166
BSON,Brownson Islands,-74.168119,-103.636074,Marie Byrd Land,,166
BUCH,Buchanan Point,-60.693500,-44.459900,South Orkney Islands,,166
BUCK,Buckle Island,-66.890800,163.287100,Victoria Land,,166
BURD,Cape Burd,-63.653617,-57.129252,,,166
BURK,Cape Burks,-74.750466,-136.829586,Marie Byrd Land,,166
BURT,Burton Ice Shelf,-66.140000,89.690000,,,166
BUSK,Buskin Rocks,-61.057000,-55.149000,Elephant Island,,166
BYER,Byers Peninsula,-62.633000,-61.066000,South Shetland Islands,,166
BYEW,Byewater Point,-62.752800,-61.502100,South Shetland Islands,,166
CAND,Candlemas Island,-57.092659,-26.724336,South Sandwich Islands,,166
CARC,Carcass Island,-51.280426,-60.563103,Falkland Islands,,166
CARL,Carlota Cove,-62.373443,-59.709059,South Shetland Islands,Location is on the eastern side of Coppermine Peninsula.,166
CARO,Caroline Bluff,-61.909300,-57.656500,South Shetland Islands,,166
CASE,Casey Islands,-64.729528,-64.253955,,,166
CAST,Castle Rock,-62.788600,-61.581400,South Shetland Islands,,166
CASY,Casy Island,-63.236500,-57.505200,Northwest Antarctic Peninsula,,166
CATH,Catharina Point,-62.328000,-59.621000,,,166
CBAR,Cape Barne,-77.578012,166.241620,Victoria Land,Original location of colony unknown.,166
CBAY,Casey Bay,-67.377400,48.656500,Enderby Land,,166
CBEK,"Cape Colbeck, Edward VII Peninsula",-77.140000,-157.700000,Marie Byrd Land,,166
CCMP,Chinstrap Camp,-61.156000,-54.756000,Elephant Island,,166
CCOE,Cape Conway (East),-62.838000,-61.424000,South Shetland Islands,,166
CDAV,Cape Davis,-66.650000,163.533300,Victoria Land,Exact location of the colony unknown.,166
CECI,Cecilia Island,-62.412800,-59.728500,South Shetland Islands,,166
CHAB,Chabrier Rock - Vaureal Peak,-62.187400,-58.296100,South Shetland Islands,,166
CHAL,Cape Hallett,-72.317900,170.214200,Victoria Land,,166
CHAP,Chappel Island,-66.177200,110.419300,Wilkes Land,,166
CHAR,Charcot Island,-69.761700,-75.407400,Palmer Land,,166
CHAT,Chatos Island,-67.660000,-69.152000,Southwest Antarctic Peninsula,,166
CHEA,Cheal Point,-60.637900,-46.010500,South Orkney Islands,,166
CHEC,Crown Head (East Coast),-60.626000,-45.317000,South Orkney Islands,,166
CHI1,Child Rocks Islands 1,-67.437700,63.274900,Mac. Robertson Land,,166
CHI2,Child Rocks Islands 2,-67.438000,63.282400,Mac. Robertson Land,,166
CHI3,Child Rocks Islands 3,-67.438700,63.271500,Mac. Robertson Land,,166
CHIC,Chick Islands,-66.791800,120.993400,Wilkes Land,,166
CHII,Chinstrap Island,-66.917100,163.311700,Victoria Land,,166
CHIN,Chinstrap Cove,-61.245000,-54.197000,Elephant Island,,166
CHIS,Christine Island,-64.794600,-64.023600,Central-west Antarctic Peninsula,"The satellite imagery seems to show most birds on the NE end of the island, but should confirm with someone who's been there.",166
CHNE,Cape Herschel (northeast),-64.037000,-60.990000,Central-west Antarctic Peninsula,,166
CHPT,Charles Point,-64.232000,-60.995000,Central-west Antarctic Peninsula,,166
CHRI,Christoffersen Island,-60.728000,-45.035000,South Orkney Islands,,166
CHSE,Cape Herschel (southeast),-64.066000,-61.028000,Central-west Antarctic Peninsula,,166
CHUN,Cape Hunter,-66.963000,142.349000,Victoria Land,,166
CHUR,Church Bay,-54.000000,-37.783333,,,166
CIER,Cierva Point,-64.150000,-60.966700,Central-west Antarctic Peninsula,,166
CINE,Cooper Island NE,-54.250000,-36.750000,,,166
CIOL,Coronation Island (other localities),-60.665000,-45.444000,South Orkney Islands,,166
CIPT,Cieslak Point,-62.011000,-58.648000,South Shetland Islands,,166
CLAR,Clark Island,-74.056000,-105.193000,Marie Byrd Land,,166
CLIN,Cape Lindsey,-61.107000,-55.480000,Elephant Island,,166
CLPT,Claude Point,-64.116000,-62.617700,Central-west Antarctic Peninsula,,166
CMEL,Cape Melville,-62.022000,-57.580000,South Shetland Islands,,166
CMID,Coulman Middle,-73.437200,169.885400,Victoria Land,,166
CMUR,Cape Murray,-64.366300,-61.620600,Central-west Antarctic Peninsula,,166
CNOR,Coulman North,-73.382200,169.840100,Victoria Land,,166
COB1,Cooper Bay 1,-54.794000,-35.817000,,,166
COB2,Cooper Bay 2,-54.795000,-35.818000,,,166
COB3,Cooper Bay 3,-54.250000,-36.750000,,,166
COBA,Cobalescou Island,-64.179500,-61.649900,Central-west Antarctic Peninsula,,166
COCK,Cockburn Island,-64.200500,-56.841200,Northeast Antarctic Peninsula,,166
COFF,Coffer Island,-60.719800,-45.162500,South Orkney Islands,,166
COIE,Cooper Island East,-54.250000,-36.750000,,,166
COIN,Cooper Island North,-54.803000,-35.794000,,,166
COLB,Colbeck Archipelago Unnamed 1,-67.343600,61.064700,Mac. Robertson Land,,166
CONC,Conception Point,-60.512000,-45.717000,South Orkney Islands,,166
CONE,Cone Island,-67.674900,-69.153100,Southwest Antarctic Peninsula,,166
CONF,Confusion Island,-60.738000,-45.636000,South Orkney Islands,,166
CONI,Conical Island (Aviation Islands),-69.266700,158.783300,Victoria Land,,166
CONT,Continental Rock,-67.399700,59.796400,Mac. Robertson Land,,166
CONW,Cape Conway,-62.841500,-61.422400,South Shetland Islands,,166
COOP,Cooper Island,-54.799700,-34.783110,,,166
CORI,Cornwall Island,-62.342600,-59.709000,South Shetland Islands,,166
CORM,Cormorant Island,-64.793900,-63.966700,Central-west Antarctic Peninsula,,166
CORN,Cape Cornish (NE Buckle),-66.703100,163.213900,Victoria Land,,166
CORP,Cormorant Point,-60.752000,-44.738000,South Shetland Islands,,166
COSE,Cooper Sound East,-54.798000,-35.835000,,,166
COSW,Cooper Sound West,-54.799000,-35.852000,,,166
COTT,Cape Cotter,-72.404500,170.312200,Victoria Land,,166
COUL,Coulman Island,-73.350000,169.610000,Victoria Land,,166
CPTW,Cieslak Point (west),-62.011000,-58.648000,South Shetland Islands,,166
CRAB,Crab Beach,-61.246000,-55.170000,Elephant Island,,166
CRAG,Near Craggy Point (Sugarloaf Island),-61.302000,-54.186000,Elephant Island,,166
CRBA,Cresta Run Bay,-61.236000,-55.359000,Elephant Island,,166
CRIS,Cove Rock Islet,-61.916000,-57.718000,,,166
CROB,Cape Robertson,-60.714000,-44.840000,South Orkney Islands,,166
CROW,Crown Head,-60.616700,-45.583300,South Orkney Islands,,166
CROZ,Cape Crozier,-77.460000,169.320000,Victoria Land,,166
CRUZ,Cruzen Island,-74.734100,-140.326600,Marie Byrd Land,,166
CRWL,Cornwallis Island,-61.072400,-54.464100,Elephant Island,,166
CRYS,Crystal Hill,-63.646501,-57.734774,,,166
CRZE,Cape Crozier East,-77.483300,169.550000,,,166
CRZW,Cape Crozier West,-77.450000,169.383300,,,166
CSOU,Coulman South,-73.513700,169.877900,Victoria Land,,166
CUMB,Cumberland Bay,-54.233333,-36.466667,,,166
CURT,Curtiss Bay,-64.025600,-60.830610,,,166
CUVE,Cuverville Island,-64.687500,-62.621900,Central-west Antarctic Peninsula,,166
CVAH,Cape Vahsel islet,-54.760000,-35.841000,,,166
CVIK,Cape Vik,-60.666700,-45.666700,South Orkney Islands,,166
CWIM,Cape Wiman,-64.216667,-56.633333,,,166
DAMO,Dorian Bay/Damoy Point,-64.814900,-63.496800,Central-west Antarctic Peninsula,,166
DANC,Danco Island,-64.734000,-62.593800,Central-west Antarctic Peninsula,,166
DARB,Darbel Island,-66.380800,-65.900300,Southwest Antarctic Peninsula,,166
DARN,Cape Darnley,-67.880000,69.700000,Mac. Robertson Land,,166
DARW,Darwin Island,-63.433300,-54.766700,Northeast Antarctic Peninsula,,166
DARX,Darboux Island,-65.416700,-64.250000,Central-west Antarctic Peninsula,,166
DAVE,Davey Point,-61.968900,-58.530200,South Shetland Islands,,166
DAVI,Davis Island,-66.663700,108.444400,Wilkes Land,,166
DAWS,Dawson,-76.020000,-26.670000,Coats Land,,166
DBAY,Davis Bay,-69.350000,158.490000,Victoria Land,,166
DECI,Decimal Point,-61.097000,-54.702000,Elephant Island,,166
DEEI,Dee Island,-62.422900,-59.783600,South Shetland Islands,,166
DELA,Delaite Island,-64.564300,-62.188100,Central-west Antarctic Peninsula,,166
DEMA,Demay Point,-62.213700,-58.419100,South Shetland Islands,,166
DEMS,Demas Rocks,-63.350000,-58.033300,Northwest Antarctic Peninsula,,166
DENI,Cape Denison,-67.007200,142.664700,Victoria Land,,166
DEPT,Devils Point,-62.671400,-61.182900,South Shetland Islands,,166
DESC,Descazes Island,-67.333400,-67.333400,Southwest Antarctic Peninsula,,166
DESO,Desolation Island,-62.457800,-60.346800,South Shetland Islands,,166
DETA,Detaille Island,-66.870800,-66.786700,Southwest Antarctic Peninsula,,166
DEVI,Devil Island,-63.799200,-57.288900,Northeast Antarctic Peninsula,,166
DIBB,Dibble Glacier,-66.010000,134.790000,Wilkes Land,,166
DIEA,Davis Island East,-64.089170,-62.054720,Central-west Antarctic Peninsula,Not sure of specific location - eyeballed from WAM,166
DISA,Cape Disappointment,-54.250000,-36.750000,,,166
DIWE,Davis Island West,-64.108610,-62.104720,Central-west Antarctic Peninsula,Not sure of specific location - eyeballed from WAM,166
DMRX,Demas Rocks,-63.350000,-58.033333,,,166
DOBE,Dorian Beacon,-64.811111,-63.511389,Central-west Antarctic Peninsula,Also known as Casabianca Island,166
DOLL,Dolleman,-70.610000,-60.430000,Palmer Land,,166
DOME,Dome Island (Aviation Islands),-69.266700,158.783300,Victoria Land,,166
DOU1,Douglas Islands 1,-67.380300,63.389300,Mac. Robertson Land,,166
DOU2,Douglas Islands 2,-67.384900,63.389500,Mac. Robertson Land,,166
DOWN,Downshire Cliffs,-71.558200,170.592000,Victoria Land,,166
DREA,Dream Island,-64.725400,-64.225600,Central-west Antarctic Peninsula,,166
DRES,Drescher,-72.830000,-19.340000,Queen Maud Land,,166
DREW,Dream Island West (Casey Islands),-64.729528,-64.253955,Central-west Antarctic Peninsula,Had previously been called Nameless W-1,166
DUFF,Duff Point (Greenwich Island),-62.449371,-60.029899,,,166
DUKE,Duke of York Island,-71.623500,170.063500,Victoria Land,,166
DUND,Dundee Island,-63.483000,-55.966000,Northwest Antarctic Peninsula,,166
DUPT,Duthiers Point,-64.804900,-62.817900,Central-west Antarctic Peninsula,,166
DURI,d'Urville I,-63.066000,-56.316000,,,166
DURO,Duroch Islands,-63.303300,-57.890300,Northwest Antarctic Peninsula,,166
DURV,d'Urville Monument,-63.426700,-56.294400,Northeast Antarctic Peninsula,,166
DUTH,Duthoit Point,-62.307000,-58.835000,South Shetland Islands,,166
EADI,Eadie Island,-61.479200,-55.942000,Elephant Island,,166
EAGL,Eagle Island,-63.659936,-57.489457,,,166
EARL,Earle Island,-63.483300,-54.783300,Northeast Antarctic Peninsula,,166
ECAP,East Cape,-60.633300,-45.183300,South Orkney Islands,,166
ECKE,Eckener Point,-64.430900,-61.604200,Central-west Antarctic Peninsula,,166
EDEN,Eden Rocks,-63.494600,-55.701800,Northeast Antarctic Peninsula,,166
EDMO,Edmonson Point,-74.316700,165.066600,Victoria Land,,166
EDWA,Edwards Point,-62.462900,-59.498400,South Shetland Islands,,166
EDWI,Edwards Islands,-73.870100,-103.005700,Marie Byrd Land,,166
EGAR,East (2-3 km) of Cape Garry,-63.355500,-62.213100,South Shetland Islands,,166
EIP0,Elephant Island (north coast point 0),-61.077000,-55.145000,Elephant Island,,166
EIP1,Elephant Island (north coast point 1),-61.091000,-55.113000,Elephant Island,,166
EIP2,Elephant Island (north coast point 2),-61.093000,-55.087000,Elephant Island,,166
EIP3,Elephant Island (north coast point 3),-61.092000,-55.074000,Elephant Island,,166
EIP4,Elephant Island (north coast point 4),-61.094000,-55.067000,Elephant Island,,166
EIP5,Elephant Island (north coast point 5),-61.094000,-55.057000,Elephant Island,,166
ELDE,Mount Elder,-61.223282,-55.191536,,,166
ELLI,Ellium Island,-60.694000,-44.871000,South Orkney Islands,,166
ELPT,Elephant Point,-62.692400,-60.857300,South Shetland Islands,,166
EMEI,East of Meier Point,-60.620000,-45.870000,South Orkney Islands,,166
EMER,Emerald Cove,-61.906208,-57.682158,South Shetland Islands,,166
EMMA,Emma Cove,-61.116000,-55.445000,,,166
EMPE,Emperor Island,-67.864700,-68.710000,Southwest Antarctic Peninsula,,166
ENTE,Enterprise Island,-64.538484,-61.999660,,WAM says: east coast (and pictures them on the NE coast),166
ENTR,Entrance Point,-62.998100,-60.553300,South Shetland Islands,,166
ENTW,Entrance Point West,-63.008000,-60.562000,South Shetland Islands,,166
ETNA,Etna Island,-63.094800,-55.179000,Northeast Antarctic Peninsula,,166
EVEN,Cape Evensen (mainland),-66.148300,-65.706700,Southwest Antarctic Peninsula,,166
EVER,Cape Evensen (offshore rocks),-66.157904,-65.720454,Southwest Antarctic Peninsula,,166
EXTE,Extension Reef,-65.967500,-66.121944,,,166
EYRI,Eyrie Bay,-63.579128,-57.689288,,,166
FALS,False Island Point (Vega Island),-63.932924,-57.341579,,,166
FARE,Farewell Rock,-63.867800,-61.018300,Central-west Antarctic Peninsula,"Main group on the east end, but a few others scattered across the rest of the island.",166
FARI,False Ridge,-61.283000,-54.052000,Elephant Island,,166
FBER,Fortenberry,-70.766200,167.078900,Victoria Land,,166
FERG,Ferguslie Peninsula,-60.696900,-44.568600,South Orkney Islands,,166
FERR,Ferrier Peninsula,-60.712000,-44.431800,South Orkney Islands,,166
FEST,Ferraz Station Vicinity,-62.133333,-58.666667,,,166
FILD,Fildes Peninsula (northwest side),-62.173000,-58.970000,South Shetland Islands,,166
FISH,Fish Islands,-66.027500,-65.361111,Southwest Antarctic Peninsula,,166
FISH_LIFL,FISH_little_flounder,-66.029722,-65.381389,Southwest Antarctic Peninsula,,166
FISH_MN01,FISH_minnow1,-66.024167,-65.371111,Southwest Antarctic Peninsula,,166
FISH_MN10,FISH_minnow10-point,-66.028056,-65.343056,Southwest Antarctic Peninsula,,166
FISH_MN02,FISH_minnow2,-66.023611,-65.368333,Southwest Antarctic Peninsula,,166
FISH_MN03,FISH_minnow3,-66.025556,-65.362222,Southwest Antarctic Peninsula,,166
FISH_MN04,FISH_minnow4,-66.026111,-65.361667,Southwest Antarctic Peninsula,,166
FISH_MN05,FISH_minnow5,-66.025278,-65.357500,Southwest Antarctic Peninsula,,166
FISH_MN06,FISH_minnow6,-66.025556,-65.354444,Southwest Antarctic Peninsula,,166
FISH_MN07,FISH_minnow7,-66.031111,-65.352500,Southwest Antarctic Peninsula,,166
FISH_MN08,FISH_minnow8,-66.027500,-65.355278,Southwest Antarctic Peninsula,,166
FISH_MN09,FISH_minnow9,-66.028889,-65.349722,Southwest Antarctic Peninsula,,166
FITC,Fitchie Bay,-60.724000,-44.522000,South Orkney Islands,,166
FIZK,Fizkin Island (islet northeast of Fizkin Island),-65.514000,-65.480000,Southwest Antarctic Peninsula,,166
FLIE,Fliess Bay,-63.204500,-55.241200,Northeast Antarctic Peninsula,,166
FLOR,Florence Rock,-60.769000,-44.622000,South Orkney Islands,,166
FOGE,Fortuna Glacier East,-54.095034,-36.819704,,,166
FOGW,Fortuna Glacier West,-54.090759,-36.846773,,,166
FOLD,Fold Island,-67.320000,59.320000,Kemp Land,,166
FORB,Forbes Glacier,-67.596400,62.285800,Mac. Robertson Land,,166
FORT,Fort Point (Greenwich Island),-62.543100,-59.575200,South Shetland Islands,,166
FOUL,Foul Point,-60.533333,-45.483333,,,166
FOYN,Foyn Harbor (Enterprise Island),-64.553883,-62.004729,,,166
FRAE,Franklin Island East,-76.158100,168.410100,Victoria Land,,166
FRAM,Fram Islands,-66.627400,139.727900,Wilkes Land,,166
FRAN,Franklin Island,-76.180000,168.430000,Victoria Land,,166
FRAS,Fraser Point,-60.671697,-44.519977,,,166
FRAW,Franklin Island West,-76.161800,168.338300,Victoria Land,,166
FRED,Fredriksen Island,-60.732600,-44.990100,South Orkney Islands,,166
FRNC,Francais Rocks,-63.027691,-56.008571,Northeast Antarctic Peninsula,,166
FRPT,False Round Point,-61.898300,-57.989300,South Shetland Islands,,166
FRTN,Fortuna Bay,-54.150000,-36.800000,,,166
FURS,Fur Seal Point,-61.218000,-54.043000,Elephant Island,,166
FYRC,Fyr Channel,-60.729000,-45.673000,South Orkney Islands,,166
GALE,Galindez Island East,-65.247600,-64.239900,Central-west Antarctic Peninsula,,166
GALS,Galindez Island South,-65.252000,-64.246000,Central-west Antarctic Peninsula,,166
GAMM,Gamma Island,-64.330110,-62.993323,,,166
GAMP,Gam Point Area,-61.922700,-57.954600,South Shetland Islands,,166
GARY,Cape Garry,-63.363300,-62.256600,South Shetland Islands,,166
GAST,Gaston Islands,-64.484800,-61.827000,Central-west Antarctic Peninsula,,166
GEDD,Cape Geddes,-60.691200,-44.596400,South Orkney Islands,,166
GEOR,Georges Point (Ronge Island),-64.669400,-62.669600,Central-west Antarctic Peninsula,,166
GEPT,Gerlache Point,-64.601000,-64.214000,Central-west Antarctic Peninsula,,166
GERD,Gerd Island,-60.657400,-45.743700,South Orkney Islands,,166
GERL,Gerlache Island,-64.601000,-64.214000,Central-west Antarctic Peninsula,,166
GIBA,Gibbon Bay,-60.650000,-45.183300,South Orkney Islands,,166
GIBB,Gibbs Island,-61.471000,-55.638500,Elephant Island,,166
GIBS,Gibson Bay,-63.305700,-55.881500,Northeast Antarctic Peninsula,,166
GING,Ginger Island,-67.749400,-68.685800,Southwest Antarctic Peninsula,,166
GINL,Greene Inlet,-54.050000,-38.016667,,,166
GLAN,Glandaz Point,-65.091100,-63.959100,Central-west Antarctic Peninsula,,166
GNEY,Gibbney Island,-67.554300,62.320500,Mac. Robertson Land,,166
GODT,Godthul Harbor,-54.299784,-36.287152,,,166
GOLD,Gold Harbor,-54.620854,-35.949675,,,166
GOLF,Golfcourse Point,-61.128000,-55.473000,Elephant Island,,166
GOPT,Gourlay Point,-60.730900,-45.586300,South Orkney Islands,,166
GOSL,Gosling Island,-60.640600,-45.917800,South Orkney Islands,,166
GOUL,Gould,-77.710000,-47.680000,NA,,166
GOUR,Gourdin Island,-63.196900,-57.307400,Northwest Antarctic Peninsula,,166
GOUV,Gouvernoren Harbor,-64.541348,-61.992222,,,166
GOWC,Gosling Island (west coast),-60.640000,-45.908000,South Orkney Islands,,166
GRAP,Graptolite Island,-60.715900,-44.462100,South Orkney Islands,,166
GREE,The Green Glen,-61.271000,-55.266000,Elephant Island,,166
GREI,Green Island,-65.323600,-64.148700,Central-west Antarctic Peninsula,,166
GREY,Grey Island,-60.748700,-45.014900,South Orkney Islands,,166
GRIB,Georges Rib,-61.157000,-54.973000,Elephant Island,,166
GRIN,Grinder Rock,-63.966000,-61.425600,Central-west Antarctic Peninsula,,166
GRYT,Grytviken,-54.281500,-36.508000,,,166
GUID,The guides mainland,-54.085995,-36.851193,,,166
GUNN,Gunnerus,-68.750000,34.380000,Queen Maud Land,,166
HAAK,King Haakon Bay,-54.174320,-37.324000,,,166
HALF,Half Moon Island,-62.590100,-59.920300,South Shetland Islands,,166
HALL,Halley Bay,-67.487000,-68.392000,,,166
HALY,Halley,-75.540000,-27.430000,Coats Land,,166
HANN,Hannah Point,-62.654500,-60.613400,South Shetland Islands,,166
HANS,Cape Hansen- Coronation Island,-60.659000,-45.584000,South Orkney Islands,,166
HARE,Harmony Point (east),-62.304000,-59.229000,South Shetland Islands,,166
HARM,Harmony Point,-62.306400,-59.242500,South Shetland Islands,,166
HASW,Haswell Island,-66.520000,93.010000,Queen Mary Land,,166
HBAY,Harald Bay,-69.197700,157.689400,Victoria Land,,166
HENN,Hennequin Point,-62.124000,-58.396000,South Shetland Islands,,166
HENR,Henry Islands,-66.878100,120.620600,Wilkes Land,,166
HERC,Hercules Bay,-54.116667,-36.666667,,,166
HERM,Hermit Island,-64.800502,-64.022500,,,166
HERO,Heroina Island,-63.394400,-54.608300,Northeast Antarctic Peninsula,,166
HEYN,North of Heywood Island,-62.312,-59.66,South Shetland Islands,,166
HEYW,Heywood Island,-62.317400,-59.685400,South Shetland Islands,,166
HIDD,Hidden Bay,-65.050000,-63.783000,,,166
HILL,Camp Hill,-63.675889,-57.847732,,,166
HINO,Cape Hinode,-68.145300,42.661200,Queen Maud Land,,166
HOKU,Hokuro Cove,-69.197300,39.614400,Queen Maud Land,,166
HOLB,Holluschickie Bay,-63.983000,-58.250000,,,166
HOLD,Holdfast Point (mainland and offshore rocks),-66.791700,-66.586700,Southwest Antarctic Peninsula,"According to FMP now combined HOL1 and HOL2, which are actually 2.3 km away from each other (HOL2 is on the N side of Holdfast Point, while HOL1 is a small rock just off the point to the south of Holdfast Point).  The location for HOL1 from the Casanovas shapefile is: -66.809768, -66.563183. Mist Rocks (also supposedly included here on MAPPPD?) are 1.5 km W of Holdfast Point.",166
HOLD_MIST,Mist Rocks,-66.800000,-66.616667,,,166
HOLD_NRTH,Holdfast Point_North,-66.791700,-66.586700,,Used to be HOL2,166
HOLD_SOUT,Holdfast Point_South,-66.809768,-66.563183,,Used to be HOL1,166
HOLL,Holl/O'Connor,-66.411800,110.431500,Wilkes Land,,166
HOLM,Holmstrand,-54.240302,-37.258052,,,166
HOMB,Hombron Rocks,-63.466000,-58.700000,,,166
HOOK,Cape Hooker,-63.334700,-61.957200,South Shetland Islands,,166
HOPE,Hope Bay,-63.397200,-56.997800,Northeast Antarctic Peninsula,,166
HOPV,Hope Valley,-54.027640,-37.934973,,,166
HORI,Horseshoe Island,-67.835664,-67.188631,,,166
HORS,Cape Hooker Rock (South),-63.315000,-61.973000,South Shetland Islands,,166
HORT,Horten,-54.277044,-37.114357,,,166
HOUN,Hound Bay 1,-54.393219,-36.264960,,,166
HOVG,Hovgaard Island,-65.129600,-64.093900,Central-west Antarctic Peninsula,,166
HPNE,Hall Peninsula (northeast),-62.769000,-61.241000,South Shetland Islands,,166
HPSW,Hall Peninsula (southwest),-62.775000,-61.244000,South Shetland Islands,,166
HUMB,Humble Island,-64.764700,-64.087500,Central-west Antarctic Peninsula,,166
HUMM,Two Hummock Island,-64.136200,-61.703300,Central-west Antarctic Peninsula,,166
HUMP,Humphries Heights,-65.055700,-63.863700,Central-west Antarctic Peninsula,,166
HUNT,Hunt Island,-64.333000,-62.117000,Central-west Antarctic Peninsula,US name is Pampa Island,166
HUPT,Humble Point,-61.186231,-54.128834,,,166
HURE,Hurd Peninsula (east),-62.695000,-60.379000,South Shetland Islands,,166
HURW,Hurd Peninsula (west),-62.674000,-60.406000,South Shetland Islands,,166
HUSV,Husvik Harbour,-54.175551,-36.708495,,,166
HUTB,Hut Bluff,-61.219000,-55.140000,Elephant Island,,166
HYDR,Hydrurga Rocks,-64.145400,-61.625900,Central-west Antarctic Peninsula,,166
IFOI,Ifo Island Area,-66.633333,139.733333,Wilkes Land,,166
INAC,Inaccessible Island,-60.566700,-46.733300,South Orkney Islands,,166
INEX,Inexpressible Island,-74.900900,163.728700,Victoria Land,,166
INTE,Intercurrence Island,-63.933000,-61.416000,Central-west Antarctic Peninsula,,166
IOLB,Isles of Litwin Bay,-61.991000,-58.557000,South Shetland Islands,,166
IRIS,Iris Bay,-54.698000,-35.972000,,,166
IVAN,Ivanhoff Head,-66.880300,109.127600,Wilkes Land,,166
JACO,Jacobs Ladder,-61.152000,-54.737000,Elephant Island,,166
JACP,Jacques Peak,-64.515200,-61.834200,Central-west Antarctic Peninsula,,166
JACQ,Cape Legoupil/Mt Jacquinot,-63.314545,-57.884927,,,166
JADE,Jade Point,-63.602800,-57.593500,Northeast Antarctic Peninsula,,166
JAME,Cape James,-63.090300,-62.697900,South Shetland Islands,,166
JANE,Janet Rock,-66.569800,139.165100,Wilkes Land,,166
JAQU,Jaquinot Rocks,-63.441000,-58.421000,Northwest Antarctic Peninsula,,166
JASO,Jason Harbour,-54.189453,-36.582605,,,166
JENN,Jenny Island,-67.733000,-68.383000,,,166
JESS,Jessie Bay,-60.719000,-44.694000,South Orkney Islands,,166
JING,Jingle Island,-65.430300,-65.325300,Southwest Antarctic Peninsula,Includes small islands southwest of Jingle up to but not including Weller Island,166
JOHA,Johan Harbour,-54.050000,-37.983333,,,166
JOHN,Johnson's Dock,-62.660400,-60.367500,South Shetland Islands,,166
JOKE,Joke Cove,-54.250000,-36.750000,,,166
JONA,Jonassen Island,-63.542500,-56.683400,Northeast Antarctic Peninsula,,166
JONE,Cape Jones,-73.276200,169.227200,Victoria Land,,166
JORG,Jorge Island,-62.379800,-59.760700,South Shetland Islands,,166
JOUB,Joubin Islands,-64.774400,-64.399200,Central-west Antarctic Peninsula,,166
JOUG,Jougla Point,-64.827000,-63.493200,Central-west Antarctic Peninsula,Also includes the higher ridge to the S that ends in Lécuyer Point,166
JPTI,Jameson Point Islands,-63.294400,-62.262200,South Shetland Islands,,166
JPTS,Jameson Point (South),-63.307900,-62.252400,South Shetland Islands,,166
JPTV,Jameson Point (Vicinity),-63.296000,-62.258300,South Shetland Islands,,166
JUAN,Juan Carlos I station,-62.650000,-60.383000,South Shetland Islands,,166
JULE,Cape Jules,-66.743800,140.918900,Wilkes Land,,166
KATE,Cape Kater,-63.774200,-59.847100,Northwest Antarctic Peninsula,,166
KAYR,Kay Rock,-64.126000,-60.935000,Central-west Antarctic Peninsula,,166
KELL,Kellick Island,-61.918600,-58.392800,South Shetland Islands,,166
KETL,Ketley Point,-64.706600,-62.763100,Central-west Antarctic Peninsula,,166
KIDS,Kidson Island,-67.214400,61.187000,Mac. Robertson Land,,166
KING,King Point,-63.160000,-55.481000,Northeast Antarctic Peninsula,,166
KIRB,Kirby Head ,-67.272600,46.537200,Enderby Land,,166
KIRT,Kirton/Macklin,-67.490700,63.637800,Mac. Robertson Land,,166
KITC,Kitchen Point,-62.387000,-59.347000,South Shetland Islands,,166
KJEL,Cape Kjellman,-63.724900,-59.414500,Northwest Antarctic Peninsula,,166
KLOA,Kloa Point,-66.640000,57.280000,Kemp Land,,166
KNOB,"Knobble Head, Bransfield Island",-63.161900,-56.569400,Northeast Antarctic Peninsula,,166
KOPA,Kopaitic Island,-63.315000,-57.910000,,,166
KROG,Krogh Island (Islet North of NE coast of K.I.),-66.250738,-66.960104,,,166
KUJI,Kujira Point,-69.600000,38.266700,Queen Maud Land,,166
KUNO,Kuno Point,-66.397800,-67.160300,Southwest Antarctic Peninsula,,166
LAAG,Laager Point,-62.641000,-61.146000,South Shetland Islands,,166
LACH,Cape Lachman (James Ross Island),-63.779574,-57.780889,,,166
LAGO,Lagotellerie Island,-67.886900,-67.401700,Southwest Antarctic Peninsula,,166
LAIN,Lainez Point,-67.695556,-67.780000,,,166
LAIR,Lair Point,-62.615000,-61.035300,South Shetland Islands,,166
LAJA,Lajarte Island,-64.235700,-63.475200,Central-west Antarctic Peninsula,,166
LAKT,Islet next to Laktionov Island,-65.758531,-65.789737,Southwest Antarctic Peninsula,,166
LARS,Larsen Island,-60.595500,-46.077700,South Orkney Islands,,166
LAUF,Lauff Island,-73.232500,-126.774900,Marie Byrd Land,,166
LAUR,Cape Laure,-64.766700,-63.349200,,Previously called BAYP = Bay Point Peninsula,166
LAUT,Lautaro Neck,-64.828500,-63.102700,Central-west Antarctic Peninsula,,166
LAVO,Islet 1 km west of Lavosier Island,-66.122000,-66.829000,Southwest Antarctic Peninsula,,166
LAZA,Lazarev,-69.750000,15.550000,Queen Maud Land,,166
LECO,Lecointe Island,-64.266000,-62.050000,,,166
LED2,Ledda Bay 2,-74.430000,-130.941000,Marie Byrd Land,,166
LEDD,Ledda Bay,-74.228000,-130.784000,Marie Byrd Land,,166
LEGO,Cape Leguillou,-63.542700,-59.843000,Northwest Antarctic Peninsula,,166
LEIT,Leith Harbour,-54.141000,-36.688000,,,166
LEON,Leonie Island,-67.600000,-68.350000,,,166
LEOP,Sea Leopard Fjord,-54.094730,-37.245712,,,166
LEPP,Islets south of Le Petit Prince,-61.911000,-58.021000,South Shetland Islands,,166
LEWI,Lewis Island,-66.105100,134.384900,Wilkes Land,,166
LGOO,Lagoon Island,-67.593809,-68.239028,,,166
LIND,Lindblad Cove,-63.875469,-59.440149,,,166
LION,Lions Rump,-62.133100,-58.122900,South Shetland Islands,,166
LITC,Litchfield Island,-64.770800,-64.091900,Central-west Antarctic Peninsula,,166
LITW,Litwin Bay (southwest of Davey Point),-61.991000,-58.557000,South Shetland Islands,,166
LLAN,Llano Point,-62.176000,-58.446000,South Shetland Islands,,166
LLOY,Cape Lloyd,-61.129800,-54.010300,Elephant Island,,166
LOBO,Lobodon Island,-64.086000,-61.600900,Central-west Antarctic Peninsula,,166
LOCK,Port Lockroy,-64.823100,-63.484000,Central-west Antarctic Peninsula,,166
LOOK,Cape Lookout,-61.280000,-55.206000,Elephant Island,,166
LOUB,Loubat Point,-65.077600,-63.926500,Central-west Antarctic Peninsula,,166
LOVI,Lovill Bluff ,-73.538000,-127.436100,Marie Byrd Land,,166
LOWR,Low Rock Point,-54.019267,-37.846671,,,166
LOWT,Low Tongue,-67.545600,61.990600,Mac. Robertson Land,,166
LSAY,Lindsay Islands,-73.609400,-103.182900,Marie Byrd Land,,166
LUIT,Luitpold,-77.770000,-33.600000,Coats Land,,166
LYNC,Lynch Island,-60.650000,-45.600000,,,166
MABE,Mabel Island,-60.667000,-44.700000,South Orkney Islands,,166
MACD,Macdonald Cove Bay West,-54.025148,-37.499066,,,166
MACK,MacKellar Islands,-66.967000,142.650000,Victoria Land,,166
MACO,Mackintosh Cove (east coast),-60.685100,-44.491200,South Orkney Islands,,166
MADD,Madder Cliffs (Joinville Island),-63.298900,-56.483100,Northeast Antarctic Peninsula,,166
MADI,Madder Cliff Island,-63.306000,-56.499000,Northeast Antarctic Peninsula,,166
MAHE,Maher Island,-73.198300,-127.050300,Marie Byrd Land,,166
MAIV,Maiviken,-54.233333,-36.500000,,,166
MALL,Mallory Point,-66.830000,108.643300,Wilkes Land,,166
MAME,Mame-zima,-69.016700,39.483300,Queen Maud Land,,166
MAND,Mandible Cirque,-73.117000,169.250000,Queen Maud Land,,166
MANS,Mansfield Point,-60.650000,-45.733300,South Orkney Islands,,166
MARA,Marambio Station Vicinity,-64.240556,-56.627222,,,166
MARI,Mariholm,-60.746000,-45.693000,South Orkney Islands,,166
MARR,Marr Bay (east coast),-60.678000,-44.527000,South Orkney Islands,,166
MART,Point Martin,-60.770900,-44.718500,South Orkney Islands,Not to be confused with Port Martin,166
MATH,Matthews Island,-60.722800,-45.180900,South Orkney Islands,,166
MAUD,Queen Maud Bay,-54.250000,-36.750000,,,166
MAWS,Mawson Coast,-67.556300,62.940600,Mac. Robertson Land,,166
MBIS,Mount Biscoe,-66.220900,51.327500,Enderby Land,,166
MBNE,Miers Bluff Cove (northeast),-62.716000,-60.431000,South Shetland Islands,,166
MBNW,Miers Bluff (northwest),-62.716000,-60.431000,South Shetland Islands,,166
MCAL,McCall Point,-67.030000,-66.616667,,,166
MCDO,McDonald Point,-67.342700,59.665400,Mac. Robertson Land,,166
MEDL,Medley Rocks,-62.996093,-56.036455,Northeast Antarctic Peninsula,,166
MEGA,Megaptera Island,-63.678000,-60.806000,Central-west Antarctic Peninsula,,166
MEHO,Meholmen Island,-69.025400,39.478800,Queen Maud Land,,166
MEIE,Meier Point,-60.636500,-45.893500,South Orkney Islands,,166
MELC,Melchior Islands,-64.312105,-62.962974,,,166
MELV,Melville Peninsula,-62.023000,-57.596000,,,166
MERR,Merritt Island,-66.458800,107.156500,Wilkes Land,,166
MERT,Mertz Glacier,-66.892000,146.620000,George V Land,,166
METC,Metchnikoff Point,-64.041000,-62.574700,Central-west Antarctic Peninsula,,166
METH,Methuen Cove,-60.753000,-44.577000,South Orkney Islands,,166
MGLE,Mount Gleadell,-66.941000,50.440000,Enderby Land,,166
MICH,Michelsen Island,-60.732400,-45.023300,South Orkney Islands,,166
MIDA,Midas Island,-64.168500,-61.100800,Central-west Antarctic Peninsula,,166
MIDG,Hollin/Midgley,-66.325900,110.403600,Wilkes Land,,166
MIER,Miers Bluff,-62.716700,-60.428200,South Shetland Islands,,166
MIKK,Mikkelsen Harbor (Trinity Island),-63.896400,-60.776200,Central-west Antarctic Peninsula,"Technically just D'Hainaut Island, in the center of the bay. Not to be confused with TETR and SKOT.",166
MILE,Miles Bay,-54.073911,-37.641539,,,166
MILO,Milosz Point,-61.915000,-57.762000,,,166
MITC,Mitchell Cove (Robert Island),-62.400000,-59.666667,,,166
MIZU,Mizukuguri Cove,-69.191700,39.633300,Queen Maud Land,,166
MLGE,McLeod Glacier (east),-60.721000,-45.625000,South Orkney Islands,,166
MLGW,McLeod Glacier (west),-60.700000,-45.600000,South Orkney Islands,,166
MOEI,Moe Island,-60.733000,-45.683000,South Orkney Islands,,166
MOLI,Molina Point (northeast tip of Lemaire Island),-64.807500,-62.853889,,,166
MONA,Cape Monaco,-64.717138,-64.278164,Central-west Antarctic Peninsula,,166
MONR,Monroe Island,-60.599700,-46.056800,South Orkney Islands,,166
MONT,Montague Island,-58.507944,-26.285146,,,166
MONU,Monument Rocks,-64.017000,-60.943300,Central-west Antarctic Peninsula,,166
MOOT,Moot Point,-65.200000,-64.100000,Central-west Antarctic Peninsula,Also known as Redondo Point,166
MOPT,Monroe Point,-62.811200,-61.516200,South Shetland Islands,,166
MORB,Morsa Bay,-54.048159,-37.737100,,,166
MORE,Moreton Point,-60.612200,-46.030800,South Orkney Islands,,166
MOSS,West coast of Mossman Peninsula,-60.772000,-44.753000,South Orkney Islands,,166
MOYE,Moyes,-60.732000,-45.660000,South Orkney Islands,,166
MPNC,Moreton Point North Coast,-60.610000,-46.024000,South Orkney Islands,,166
MPTE,Macaroni Point (east),-62.897900,-60.533200,South Shetland Islands,,166
MPTW,Macaroni Point (west),-62.897900,-60.533200,South Shetland Islands,,166
MRII,Mount Riiser-Larsen,-66.790800,50.551100,Enderby Land,,166
MUCK,Muckle Bluff,-61.157000,-54.860000,Elephant Island,,166
MURR,Murray Islands,-60.769071,-44.526141,South Orkney Islands,"Not to be confused with ""Murray Island"" aka ""Bluff Island"" (WAM 10-11).",166
MYAL,Myall/McMahon,-67.672100,45.735600,Enderby Land,,166
NAMP,Nameless Point,-53.983333,-37.683000,,,166
NANC,Nancy Rock,-62.230000,-59.099000,South Shetland Islands,,166
NARE,Narval Bay East,-54.040548,-37.664858,,,166
NARW,Narval Bay West,-54.041199,-37.707417,,,166
NCAP,North Cape (d'Urville Island),-63.000000,-56.500000,Northeast Antarctic Peninsula,,166
NCOI,North of Cornwall Island,-62.330000,-59.702000,South Shetland Islands,,166
NDPT,North of Duthoit Point,-62.283000,-58.850000,,,166
NEIS,Nelly Island,-66.229400,110.178200,Wilkes Land,,166
NEKO,Neko Harbor (Andvord Bay),-64.838300,-62.532700,Central-west Antarctic Peninsula,,166
NELL,Nella/Thalla Islands,-70.613600,166.087300,Victoria Land,,166
NEPT,Nelly Point,-61.157000,-54.775000,Elephant Island,,166
NESM,Northeast of Smiggers Island,-65.451571,-65.346483,Southwest Antarctic Peninsula,,166
NEWE,Newell Point,-62.337400,-59.520000,South Shetland Islands,,166
NFOR,North Foreland,-61.892800,-57.688000,South Shetland Islands,,166
NHAM,North of Hammer Point,-62.330000,-59.624000,South Shetland Islands,,166
NHEI,North of Heywood Island,-62.308000,-59.664000,South Shetland Islands,,166
NIGG,Nigg Rock,-60.707000,-44.864000,South Orkney Islands,,166
NILS,Nilse Hullet,-54.174311,-37.586834,,,166
NINE,New Island North End,-51.692003,-61.256007,,,166
NISE,New Island South End,-51.744425,-61.295037,,,166
NMED,North of Medley Rocks,-62.996900,-55.977100,Northeast Antarctic Peninsula,,166
NOBL,Noble Rocks,-64.784900,-63.433500,Central-west Antarctic Peninsula,Previously called NEUM = Neumeyer Channel,166
NOKK,Nokkelholmane Islands,-69.381100,39.463500,Queen Maud Land,,166
NOPT,North Point,-60.672000,-45.626000,South Orkney Islands,,166
NORF,Northern Foothills,-74.750000,164.000000,Victoria Land,,166
NORW,Norway Bight,-60.616000,-45.816000,South Orkney Islands,,166
NOVI,Noville Peninsula,-71.770000,-98.450000,Ellsworth Land,,166
NPRO,Promontories on north-central coast,-63.250000,-62.068000,South Shetland Islands,,166
NUTT,Cape Nutt,-66.635200,108.212700,Wilkes Land,,166
NVEG,North Vega Island,-63.805300,-57.226000,Northeast Antarctic Peninsula,,166
NWPO,Northwest coast of Pomona Plateau,-60.544000,-45.960000,South Orkney Islands,,166
OBEL,Point Obelisk (James Ross Inland),-64.133333,-58.450000,,,166
OBRI,O'Brien Island,-61.506900,-55.967300,Elephant Island,,166
ODBE,Odbert Island,-66.374200,110.542100,Wilkes Land,,166
OLAV,Prince Olav Harbour,-54.066667,-37.150000,,,166
OLDH,Oldham Island,-67.520800,61.725300,Mac. Robertson Land,,166
OLIC,Oliphant Channel,-60.729000,-45.592000,South Orkney Islands,Also known as Fur Seal Cove,166
OLII,Oliphant Island,-60.736000,-45.594000,South Orkney Islands,,166
OLIV,Olivine Point (Coronation Island),-60.666667,-45.483333,,,166
OLSE,Olsen Valley,-54.193630,-36.673720,,,166
OMEG,Omega Island,-64.333000,-62.933000,,,166
OMGA,Cape Omega,-68.566700,40.983300,Queen Maud Land,,166
ONEI,O'Neill Point,-64.816220,-63.090132,Central-west Antarctic Peninsula,,166
ONGL,Ongley Island,-62.430007,-59.887406,,,166
ONGU,Ongulkaven,-69.017100,39.425200,Queen Maud Land,,166
ORCW,Offshore Rocks off Cape Wallace,-63.227000,-62.227000,South Shetland Islands,,166
ORNE,Orne Islands,-64.659000,-62.663100,Central-west Antarctic Peninsula,,166
ORRO,Ornen Rocks,-62.009000,-57.566000,South Shetland Islands,,166
OUTE,Outer Island,-60.706900,-45.580600,South Orkney Islands,,166
OVIE,Oviedo Cove,-64.216667,-56.583333,,,166
OWEN,Owen Island,-61.933200,-58.388600,South Shetland Islands,,166
PABE,Paradise Harbor Beacon (Paradise Bay),-64.911100,-62.931100,Central-west Antarctic Peninsula,,166
PAGE,Pageant Point,-60.728600,-45.584300,South Orkney Islands,,166
PALA,Palaver Point,-64.148600,-61.759000,Central-west Antarctic Peninsula,,166
PAND,Pandemonium Point,-60.739000,-45.647000,South Orkney Islands,,166
PANT,Pantomime Point,-60.726600,-45.583300,South Orkney Islands,,166
PAPT,Patelnia Point,-62.235000,-58.498000,South Shetland Islands,,166
PARA,Paradise Beach,-54.825612,-36.178146,,,166
PATE,Patella Island,-63.129400,-55.523800,Northeast Antarctic Peninsula,,166
PAUL,Paulet Island,-63.580100,-55.788100,Northeast Antarctic Peninsula,,166
PCHA,Port Charcot,-65.067000,-64.026000,Central-west Antarctic Peninsula,"The W peninsula of Booth Island (site prev. known as BOOT), just E and a bit S of the bay called Port Charcot. Landing can be made from either N or S side.",166
PEGG,Peggotty Bluff,-54.145116,-37.276970,,,166
PEIN,Peine Island (Comb Island),-63.411000,-54.717000,Northeast Antarctic Peninsula,,166
PEND,Pendulum Cove (Deception Is),-62.935432,-60.599755,,,166
PENG,Penguin Island,-62.102000,-57.926900,South Shetland Islands,,166
PEPO,Penguin Point (Seymour Is),-64.306100,-56.711400,Northeast Antarctic Peninsula,,166
PERR,Perrier Bay,-64.395410,-63.721302,,,166
PERS,Persson Island,-64.200000,-58.400000,,,166
PETE,Petermann Island,-65.172100,-64.142000,Central-west Antarctic Peninsula,,166
PGEO,Point Geologie,-66.670000,140.010000,Adelie Land,,166
PHIL,Cape Phillips,-73.071400,169.616800,Victoria Land,,166
PIC4,Pickersgill Islands (Island 4),-54.250000,-36.750000,,,166
PICK,Pickersgill Islands (Eastern),-54.617000,-36.730000,,,166
PIGE,Cape Pigeon Rocks,-66.933400,143.894000,Victoria Land,,166
PIIS,Peter I Island,-68.835000,-90.491700,Ellsworth Land,,166
PILL,Pillar Ridge,-61.271000,-54.222000,Elephant Island,,166
PING,Pinguino Island,-64.143500,-60.985700,Central-west Antarctic Peninsula,Synonymous with PRIM=Primavera Island,166
PIRI,Pirie Peninsula,-60.698800,-44.684000,South Orkney Islands,"According to WAM, birds all over the coast of the peninsula. If this site gets visited, it may have to be split.",166
PISL,Peterson Island,-66.466500,110.499300,Wilkes Land,,166
PKUP,Pickup Point,-61.116000,-54.645000,Elephant Island,,166
PLAT,Plato Island (Platter Island),-63.433000,-54.674200,Northeast Antarctic Peninsula,,166
PLDR,Penguin Ladder,-61.143000,-54.720000,Elephant Island,,166
PLEN,Pleneau Island,-65.104000,-64.055600,Central-west Antarctic Peninsula,,166
PMAR,Port Martin,-66.811300,141.399700,Wilkes Land,Not to be confused with Point Martin,166
POMO,Pomona Plateau Northwest coast,-60.544000,-45.960000,South Orkney Islands,,166
POPO,Pottinger Point,-61.932500,-58.358200,South Shetland Islands,,166
POPT,Portal Point,-64.502844,-61.758957,,,166
PORD,Pordim Islands,-62.311000,-59.659000,,,166
PORP,Porphyry Bluff,-64.450000,-59.183333,,,166
PORT,Porteous Point,-60.724000,-45.675000,South Orkney Islands,,166
POSB,Possession Bay,-54.086981,-37.156697,,,166
POSS,Possession Island,-71.894600,171.169200,Victoria Land,,166
POTT,Potter Peninsula,-62.245600,-58.657700,South Shetland Islands,,166
POUR,Pourquoi-pas Island,-67.683000,-67.500000,,,166
POWE,Powell Island,-60.725000,-45.029000,South Orkney Islands,,166
PPPT,Pink Pool Point,-61.309000,-54.079000,Elephant Island,,166
PRAE,Point Rae,-60.757000,-44.634000,South Orkney Islands,,166
PRES,President Head (Snow Island),-62.725500,-61.200100,South Shetland Islands,,166
PRIE,Priest Island,-64.866667,-63.516667,,Also known as Goetschy Island; in the Peltier Channel,166
PRIN,Principal Point,-64.912100,-63.431000,Central-west Antarctic Peninsula,Also called Pursuit Point (old code: PURS),166
PROC,Proclamation Island,-65.842400,53.687600,Enderby Land,,166
PSON,Peterson Bank,-65.920000,110.230000,Wilkes Land,,166
PTHO,Point Thomas,-62.163100,-58.461500,South Shetland Islands,,166
PTWD,Point Wordie,-61.245000,-55.328000,Elephant Island,,166
PURD,Purdy Point,-60.533300,-45.433300,South Orkney Islands,,166
PYPT,Py Point,-64.879200,-63.597400,Central-west Antarctic Peninsula,,166
PYRA,Pyramid Stacks,-61.246000,-55.339000,,,166
PYRI,Pyrites Island,-61.924100,-57.949100,South Shetland Islands,,166
QPTN,Quinton Point (north),-64.317000,-63.667000,Central-west Antarctic Peninsula,,166
QPTS,Quinton Point (south),-64.345000,-63.678000,Central-west Antarctic Peninsula,,166
RAGN,Ragnhild,-69.900000,27.150000,Queen Maud Land,,166
RANK,Rankin Inlet,-54.803780,-36.224160,,,166
RASM,Rasmussen Island,-65.248008,-64.084452,,,166
RAUE,Rauer Islands,-68.833100,77.676500,NA,,166
RAYN,Rayner Point,-60.650000,-45.166700,South Orkney Islands,,166
RBSN,Robinson,-67.454300,63.459600,Mac. Robertson Land,,166
REDI,Red Island,-63.735600,-57.880000,Northeast Antarctic Peninsula,,166
RENI,Renier Point,-62.610000,-59.806200,South Shetland Islands,,166
RETO,Retour Island,-66.767000,141.566900,Wilkes Land,,166
RETU,Return Point,-60.626600,-46.032800,South Orkney Islands,,166
RHYO,Rhyolite Island,-69.648800,-68.570900,Palmer Land,,166
RIBB,Right Whale Bay Binder Beach,-54.012388,-37.692856,,,166
RIBP,Right Whale Bay Bluff Point,-54.015680,-37.668100,,,166
RIDL,Ridley Island,-61.850000,-58.016000,South Shetland Islands,,166
RIIS,Riiser,-72.120000,-15.110000,Queen Maud Land,,166
RIMI,Right Whale Bay Middle,-54.015831,-37.681445,,,166
RIPP,Rip Point,-62.235000,-59.001000,South Shetland Islands,,166
RNVG,Near Ranvik Glacier,-69.154027,77.262724,Queen Maud Land,,166
ROBB,Robbery Beaches,-62.616000,-61.083000,South Shetland Islands,,166
ROBE,Robert Point,-62.450000,-59.383000,South Shetland Islands,SE point of Robert Island.,166
ROCA,Cape Roca,-60.750000,-44.816700,South Orkney Islands,,166
ROCH,Rothschild Island,-69.518000,-72.265000,,,166
ROCK,Rocky Bay,-54.471002,-36.729367,,,166
ROGE,Cape Roget,-71.990000,170.590000,Victoria Land,,166
ROKP,Rookery Point,-54.267000,-36.309000,,,166
ROME,Romeo Island,-62.376300,-59.926800,South Shetland Islands,,166
RONE,Ronge Island East,-64.688400,-62.643600,Central-west Antarctic Peninsula,,166
RONW,Robinson (northwest),-67.448900,63.413000,Mac. Robertson Land,,166
ROOK,Rookery Islands,-67.604400,62.509900,Mac. Robertson Land,,166
ROQU,Cape Roquemaurel,-63.548600,-58.965200,Northwest Antarctic Peninsula,,166
ROSE,Robinson (southeast),-67.474900,63.495600,Mac. Robertson Land,,166
ROTH,Rothera Point,-67.569343,-68.126971,,,166
ROUN,Round Point (King George Island),-61.937100,-58.423400,South Shetland Islands,,166
ROYA,Royal Bay South,-54.576481,-36.012830,,,166
ROYD,Cape Royds,-77.554500,166.163900,Victoria Land,,166
RRRI,Red Rock Ridge,-68.287800,-67.168600,Southwest Antarctic Peninsula,,166
RUDM,Rudmose Rocks,-60.676000,-44.602000,South Orkney Islands,,166
RUGG,Rugged Rocks,-62.601200,-59.815500,South Shetland Islands,"Two main islands, both with birds.",166
RUGG_A,Rugged Rocks - Island A,-62.600600,-59.816100,,,166
RUGG_B,Rugged Rocks - Island B,-62.602700,-59.815400,,,166
RUMP,Rumpa Island,-69.144100,39.390500,Queen Maud Land,,166
RUPE,Rupert Coast,-75.380000,-143.300000,Marie Byrd Land,,166
RZEP,Rzepeki Islands,-62.099000,-58.824000,South Shetland Islands,,166
SABA,St. Andrews Bay- Middle,-54.447360,-36.181065,,,166
SABR,Sabrina Island,-66.917100,163.311700,Victoria Land,,166
SADD,Saddle Island,-60.633300,-44.833300,South Orkney Islands,,166
SALI,Salisbury Plain,-54.054429,-37.340241,,,166
SANA,Sanae,-70.000000,-1.420000,Queen Maud Land,,166
SAND,Sandefjord Bay,-60.605000,-46.036700,South Orkney Islands,,166
SANE,San Eliado Point,-64.844000,-63.116600,Central-west Antarctic Peninsula,,166
SAPT,Saddleback Point,-61.099000,-54.901000,Elephant Island,,166
SART,Sartorius Point,-62.559600,-59.656700,South Shetland Islands,,166
SAUN,Saunders Island,-57.750000,-26.450000,,,166
SAXU,Saxum Nunatak,-63.136700,-56.053300,Northeast Antarctic Peninsula,,166
SCHL,Schlieper Bay,-54.034913,-37.825697,,,166
SCUL,Scullin/Murray,-67.783300,66.696800,Mac. Robertson Land,,166
SEAL,Seal Island,-60.975000,-55.393000,Elephant Island,,166
SEFB,SE Fisher Bay,-67.594900,146.080900,Victoria Land,,166
SEGI,Small island southeast on Gerlache Island,-64.603700,-64.203800,Central-west Antarctic Peninsula,,166
SELI,Sea Lion Island,-52.423491,-59.078167,,,166
SELV,Selvick Cove,-64.640500,-62.569100,Central-west Antarctic Peninsula,"Birds along the shoreline just north of Selvick Cove, also known as Lagarrigue Cove",166
SEND,South end,-60.717000,-45.033000,,,166
SENT,Sentry Rocks,-70.754300,167.404600,Victoria Land,,166
SEPR,SE Promontory,-66.650000,163.050000,Victoria Land,,166
SERA,Serac Point,-61.177000,-54.026000,Elephant Island,,166
SEWE,Islet southeast of Weller Island,-65.451700,-65.346500,Southwest Antarctic Peninsula,,166
SHAC,Shackleton Ice Shelf,-64.860000,96.020000,Queen Mary Land,,166
SHAG,Shagnasty Island,-60.732000,-45.618000,South Orkney Islands,,166
SHEA,Sheathbill Bay,-53.983333,-37.433333,,,166
SHEE,Sheelagh Islands,-66.546400,50.180400,Enderby Land,,166
SHEI,Shepard Island,-74.377300,-132.551900,Marie Byrd Land,,166
SHEN,Sheppard Nunatak,-63.362900,-57.015400,Northeast Antarctic Peninsula,,166
SHEP,Sheppard Point,-63.370700,-56.984400,Northeast Antarctic Peninsula,,166
SHER,Sherrell Point,-63.300000,-58.683333,,,166
SHIL,Shilling Shelf,-61.097000,-54.735000,Elephant Island,,166
SHIN,Shingle Cove (Coronation Island),-60.646900,-45.563600,South Orkney Islands,,166
SHIR,Cape Shirreff,-62.457500,-60.787400,South Shetland Islands,,166
SHIS,Shag Island,-62.185000,-58.297000,South Shetland Islands,,166
SHLY,Shirley/Beall,-66.283000,110.500000,Wilkes Land,,166
SHUM,Shumskiy Cove,-67.072778,-67.352500,,,166
SIFF,Siffrey Point,-63.219858,-57.224702,,,166
SIMS,Sims Island,-73.272500,-78.540700,Palmer Land,,166
SITK,Sitka Bay,-53.983333,-37.400000,,,166
SJHO,Steeple Jason House Colony,-51.022177,-61.227292,,,166
SJNE,Steeple Jason Neck,-51.035531,-61.213889,,,166
SKIL,Skilling Island (north coast),-60.783300,-45.150000,South Orkney Islands,,166
SKOT,Skottsberg Point,-63.920500,-60.808900,Central-west Antarctic Peninsula,,166
SLPP,Islet South of Le Petit Prince,-61.911000,-58.021000,,,166
SMAL,Small Island,-64.012100,-61.454900,Central-west Antarctic Peninsula,,166
SMAT,Unnamed Islands (South of Matthews Island),-60.742000,-45.154000,South Orkney Islands,,166
SMIG,Smiggers Island,-65.459700,-65.351400,Southwest Antarctic Peninsula,,166
SMIT,Cape Smith,-62.873800,-62.300000,South Shetland Islands,,166
SMTH,Smith,-74.370000,-60.830000,Palmer Land,,166
SMYL,Smyley,-72.300000,-78.830000,Palmer Land,,166
SNOW,Snow Hill Island,-64.520000,-57.440000,Northeast Antarctic Peninsula,,166
SOMI,South of Martin Islands,-65.688100,-65.338100,Southwest Antarctic Peninsula,,166
SORN,Sorn & Bernt,-54.002246,-37.907177,,,166
SOTH,South of Tay Head,-63.335900,-55.641300,Northeast Antarctic Peninsula,,166
SPBL,South Point Bluff,-63.015800,-60.634700,South Shetland Islands,,166
SPEN,Spencer Bluff,-62.502000,-59.556000,,,166
SPER,Spert Island,-63.861400,-60.977800,Central-west Antarctic Peninsula,May not currently have breeding penguins.,166
SPIG,Spigot Peak,-64.635000,-62.554000,Central-west Antarctic Peninsula,,166
SPIN,Spine Island (Coronation Island),-60.594000,-46.020200,South Orkney Islands,,166
SPIP,Spigot Peak Point,-64.625000,-62.558000,Central-west Antarctic Peninsula,,166
SPLI,Split Beach,-61.156000,-54.937000,Elephant Island,,166
SPNW,South Point Bluff (northwest),-63.013800,-60.670200,South Shetland Islands,,166
SPRI,Sprightly Islands Vicinity,-64.300000,-61.050000,Central-west Antarctic Peninsula,,166
SPRO,Spindrift Rocks,-60.683000,-45.644000,South Orkney Islands,,166
SPTR,Spigot Peak Tripod,-64.636800,-62.562900,Central-west Antarctic Peninsula,,166
SPUI,Spence Harbour and unnamed island,-60.670700,-45.187400,South Orkney Islands,,166
SSVN,South Svenner,-69.134100,76.744200,NA,,166
STAC,Stackpole Rocks,-62.678000,-60.957400,South Shetland Islands,,166
STAN,Stanton Continental Rock,-67.534200,61.717500,Mac. Robertson Land,,166
STCB,Stancomb,-74.120000,-23.090000,Coats Land,,166
STEE,Steepholm Islands,-60.783333,-45.150000,South Orkney Islands,,166
STEI,Steines Island,-69.341200,76.582500,NA,,166
STEN,Stene Point,-60.654000,-45.707000,South Orkney Islands,,166
STER,Sterneck Island,-64.201000,-60.982600,Central-west Antarctic Peninsula,,166
STIG,Stigant Point,-62.023000,-58.718500,South Shetland Islands,,166
STIN,Stinker Point,-61.221426,-55.379594,,,166
STOK,Stoker Island,-62.400000,-59.850000,South Shetland Islands,,166
STON,Stonington Island,-68.186076,-66.997005,,,166
STRA,Stranger Point,-62.260000,-58.616100,South Shetland Islands,,166
STRO,Stromness,-54.153430,-36.729235,,,166
STUN,Stanton unnamed,-67.507800,61.597800,Mac. Robertson Land,,166
STUR,Sturge Island,-67.467000,164.633000,Victoria Land,,166
SVEN,Sven Foyn Island,-71.956000,171.069500,Victoria Land,,166
SVIS,Svenner Islands,-69.034100,76.834600,NA,,166
SWIS,Southwest Island (Aviation Islands),-69.266600,158.783300,Victoria Land,,166
TAIL,Tail Island,-63.666667,-57.616667,,,166
TART,Tartar Point,-61.929000,-58.429000,South Shetland Islands,,166
TAYG,Taylor Glacier,-67.450000,60.880000,Mac. Robertson Land,,166
TAYH,Tay Head (Joinville Island),-63.348600,-55.550800,Northeast Antarctic Peninsula,,166
TAYL,Taylor Point,-61.933000,-57.642000,South Shetland Islands,,166
TELE,Telefon Bay (Deception Is),-62.924093,-60.663079,,,166
TENM,Tenmondai Rock,-68.444500,41.701000,Queen Maud Land,,166
TETR,Tetrad Islands,-63.917100,-60.735300,Central-west Antarctic Peninsula,"Breeding birds on the northern-most three of the Tetrads: the largest and the the next two, mostly on rocky ridges. Best approached on the east side.",166
TETR_1,Tetrad Islands - 1,-63.915500,-60.733100,,,166
TETR_2,Tetrad Islands - 2,-63.918100,-60.733800,,,166
TETR_3,Tetrad Islands - 3,-63.921600,-60.734500,,,166
THEO,Theodolite Point,-60.752000,-44.737000,,,166
THOR,Thorgaut,-67.442500,63.543300,Mac. Robertson Land,,166
THUL,Thule Island,-59.467000,-27.250000,,,166
THUN,Thunder Bay,-61.312000,-54.117000,Elephant Island,,166
THUR,"Thurston Glacier, Mount Siple",-73.500000,-125.621000,Marie Byrd Land,,166
TICK,Tickell Head,-60.528000,-45.717000,South Orkney Islands,,166
TIEA,Trinity I (east),-63.883000,-60.683000,Central-west Antarctic Peninsula,,166
TINW,Trinity I (northwest),-63.711000,-60.749000,Central-west Antarctic Peninsula,,166
TISW,Trinity I (southwest),-63.900000,-60.879000,Central-west Antarctic Peninsula,,166
TIWE,Trinity I (west),-63.833000,-60.829000,Central-west Antarctic Peninsula,,166
TNBA,Terra Nova Bay,-74.767845,164.013639,Victoria Land,,166
TORG,Torgersen Island,-64.773100,-64.074100,Central-west Antarctic Peninsula,,166
TORI,Torinosu Cove,-69.483300,39.566700,Queen Maud Land,,166
TOWE,Tower Island (east),-63.597000,-59.771000,Northwest Antarctic Peninsula,,166
TOWW,Tower Island (west),-63.561000,-59.854000,Northwest Antarctic Peninsula,,166
TPTN,Two Points North (of Hooker),-63.341000,-62.251000,South Shetland Islands,,166
TREN,Trendall Crag,-54.809705,-35.949121,,,166
TRIA,Triangle Point,-62.522000,-59.839000,South Shetland Islands,,166
TROL,Trollhull,-54.828310,-36.157020,,,166
TROW,Trowbridge Islands,-61.996000,-57.630400,South Shetland Islands,,166
TRUA,Truant Island,-64.923000,-63.407000,Central-west Antarctic Peninsula,Also known as Vázquez Island,166
TRUN,Trundle Island,-65.393800,-65.288500,Southwest Antarctic Peninsula,,166
TSIS,Three Sisters,-62.073800,-57.914000,South Shetland Islands,,166
TTOE,The Toe,-62.327700,-59.166900,South Shetland Islands,,166
TTUR,The Turret,-60.666700,-45.150000,South Orkney Islands,,166
TUPI,Tupinier Island,-63.370200,-58.266900,Northwest Antarctic Peninsula,,166
TURR,Turret Point (King George Island),-62.087500,-57.951400,South Shetland Islands,,166
TUXE,Cape Tuxon,-65.266700,-64.117800,Central-west Antarctic Peninsula,,166
TWGI,Three islands west of Gerlache Island,-64.592100,-64.247100,Central-west Antarctic Peninsula,,166
TWIN,Twintits Stack,-61.180000,-55.402000,Elephant Island,,166
TXRX,Tuxon Rocks,-65.254900,-64.133400,Central-west Antarctic Peninsula,,166
TYRN,Tyrne/Long Peninsula,-68.380900,78.412500,NA,,166
UCHA,Uchatka Point,-62.217000,-58.435000,South Shetland Islands,,166
UFSI,Ufs Island,-67.469400,61.140600,Mac. Robertson Land,,166
UICW,Unnamed Island off Cape Wallace,-63.232200,-62.178300,South Shetland Islands,,166
UIEL,Unnamed island off Elephant,-62.600000,-60.502000,South Shetland Islands,,166
UIP1,Unnnamed Island PE 1,-68.767000,77.750600,NA,,166
UIP2,Unnnamed Island PE 2,-68.901200,77.736000,NA,,166
UIP3,Unnnamed Island PE 3,-68.441900,78.211000,NA,,166
UIPN,Unnamed Island PE 2 North,-68.901300,77.716200,NA,,166
UMBE,Umbeashi,-68.050000,43.010000,Queen Maud Land,,166
UNDI,Undine Harbour (incl. subsidiary colony),-54.250000,-36.750000,,,166
UNGE,Unger Island (Unger Rock),-70.681100,166.919000,Victoria Land,,166
UNN2,Unnamed 2,-67.440200,63.543500,Mac. Robertson Land,,166
UNN7,Unnamed 7,-67.447500,63.333600,Mac. Robertson Land,,166
URUG,Uruguay Island,-65.238040,-64.222733,,,166
USEF,Useful Island,-64.717000,-62.871000,Central-west Antarctic Peninsula,,166
VAHS,Vahsel Bay,-54.760000,-35.841000,,,166
VAIS,Valette Island,-60.758000,-44.622000,South Orkney Islands,,166
VALE,Cape Valentine,-61.102000,-54.651000,Elephant Island,,166
VAPO,Vapour Col (Deception Island),-62.976700,-60.728300,South Shetland Islands,,166
VAZQ,Vazquez Island,-64.916667,-63.416667,,,166
VERN,Vernadsky Station,-65.245300,-64.256700,Central-west Antarctic Peninsula,,166
VESN,Vestfold North,-68.484200,78.095400,NA,,166
VESS,Vestfold South,-68.588300,77.922700,NA,,166
VIET,Vietor Rock,-62.683100,-61.098100,South Shetland Islands,,166
VIEU,Vieugue Island,-65.668200,-65.214400,Southwest Antarctic Peninsula,,166
VIEW,View Point,-63.542242,-57.372169,,,166
VORT,Vortex Island,-63.725700,-57.641500,Northeast Antarctic Peninsula,,166
VRNW,Vietor Rock (northwest),-62.674600,-61.102100,South Shetland Islands,Point on Livingston northwest of Vietor Rock,166
WABL,Cape Wallace Bluff (South),-63.281600,-62.266400,South Shetland Islands,,166
WAIT,Cape Waites,-72.713000,-103.451000,Marie Byrd Land,,166
WALE,Wales Head,-54.025519,-37.591122,,,166
WALK,Walker Point,-61.143000,-54.697000,Elephant Island,,166
WALL,Cape Wallace,-63.233000,-62.209000,South Shetland Islands,,166
WASH,Cape Washington,-74.640000,165.370000,Victoria Land,,166
WATE,Waterboat Point,-64.823600,-62.858100,Central-west Antarctic Peninsula,,166
WATT,Watt Bay,-66.994900,144.285400,Victoria Land,,166
WAYA,Way Archipelago,-66.857100,143.589500,Victoria Land,,166
WEBB,Webb Island,-67.447778,-67.925833,,,166
WEDD,Weddell Island,-60.635900,-44.847900,South Orkney Islands,,166
WELC,Welcome Point,-61.134000,-55.429000,Elephant Island,,166
WELL,Weller Island,-65.445300,-65.381700,Southwest Antarctic Peninsula,,166
WESP,West Point Island,-51.349014,-60.711281,,,166
WFOR,West Foreland,-62.150000,-58.917000,,,166
WHAL,Whalers Bay,-62.983232,-60.561715,,,166
WHEA,Cape Wheatstone,-72.621700,170.202400,Victoria Land,,166
WHIS,"Whistle Cove, Fortuna Bay",-54.146934,-36.820877,,,166
WHIT,Cape Whitson,-60.753100,-44.546900,South Orkney Islands,,166
WHTY,Blakeney/Whitney,-66.245700,110.557300,Wilkes Land,,166
WIDE,Wideopen Islands,-63.004200,-55.849200,Northeast Antarctic Peninsula,,166
WILD,Point Wild,-61.098000,-54.861000,Elephant Island,,166
WINK,Winkle Island (two islets next to Winkle Island),-65.520000,-65.686000,Southwest Antarctic Peninsula,This site includes chinstrap colony immediately south of Pickwick and the shag colonies between Pickwick and Winkle Island.,166
WINW,Window Island,-62.565400,-61.123700,South Shetland Islands,,166
WIRI,Wirik Bay,-54.752409,-35.861930,,,166
WISH,West Ice Shelf,-66.320000,81.530000,,,166
WITH,Withem Island,-62.235200,-59.138100,South Shetland Islands,,166
WLLW,The Wallows,-60.691900,-45.604800,South Orkney Islands,,166
WOOD,Wood Bay,-74.329900,165.133200,Victoria Land,,166
WOOI,Wood Island,-62.484100,-60.304200,South Shetland Islands,,166
WOPT,Worley Point,-74.405700,-132.777000,Marie Byrd Land,,166
WORL,Worlds End,-61.856000,-57.996000,South Shetland Islands,,166
WPEC,Watson Peninsula (east coast),-60.676100,-44.543600,South Orkney Islands,,166
WPWC,Watson Peninsula (west coast),-60.675000,-44.551000,South Orkney Islands,,166
WSAD,West of Saddleback Point (Penguin Island),-61.106000,-54.963000,Elephant Island,,166
WYAT,Wyatt Earp Islands,-68.356900,78.538500,NA,,166
YALO,Yalour Islands,-65.238900,-64.156400,Central-west Antarctic Peninsula,,166
YALO-1,Yalour Islands 1,-65.234722,-64.159722,Central-west Antarctic Peninsula,,166
YALO-10,Yalour Islands 10,-65.244900,-64.152500,Central-west Antarctic Peninsula,,166
YALO-11,Yalour Islands 11,-65.245278,-64.140833,Central-west Antarctic Peninsula,,166
YALO-2,Yalour Islands 2,-65.236944,-64.157500,Central-west Antarctic Peninsula,,166
YALO-3,Yalour Islands 3,-65.237500,-64.156389,Central-west Antarctic Peninsula,,166
YALO-4,Yalour Islands 4,-65.237222,-64.158889,Central-west Antarctic Peninsula,,166
YALO-5,Yalour Islands 5,-65.239167,-64.159722,Central-west Antarctic Peninsula,,166
YALO-6,Yalour Islands 6,-65.238889,-64.158889,Central-west Antarctic Peninsula,,166
YALO-7,Yalour Islands 7,-65.238611,-64.157500,Central-west Antarctic Peninsula,,166
YALO-8,Yalour Islands 8,-65.242500,-64.156667,Central-west Antarctic Peninsula,,166
YALO-9,Yalour Islands 9,-65.244444,-64.155000,Central-west Antarctic Peninsula,,166
YANK,Yankee Harbor,-62.525700,-59.768700,South Shetland Islands,,166
YOUN,Young Island,-66.416700,162.400000,Victoria Land,,166
YTRE,Ytrehovdeholmen,-69.216700,39.433300,Queen Maud Land,,166
ZAWA,Zawadski Stacks,-62.079000,-58.784000,South Shetland Islands,,166
ZEDI,Zed Island,-62.433000,-60.166000,South Shetland Islands,,166
ZIGZ,Zig Zag Island,-63.612300,-59.841900,Northwest Antarctic Peninsula,,166
